USE med_appt_bkg_app;
INSERT INTO specialization (specialization_name, createdAt, updatedAt)
VALUES
('Allergy & immunology', '2019-12-19 18:30:00', '2019-12-19 18:30:00'),
('Anesthesiology', '2019-12-19 18:30:00', '2019-12-19 18:30:00'),
('Dermatology', '2019-12-19 18:30:00', '2019-12-19 18:30:00'),
('Diagnostic radiology', '2019-12-19 18:30:00', '2019-12-19 18:30:00'),
('Emergency medicine', '2019-12-19 18:30:00', '2019-12-19 18:30:00'),
('Family Medicine', '2019-12-19 18:30:00', '2019-12-19 18:30:00'),
('Internal Medicine', '2019-12-19 18:30:00', '2019-12-19 18:30:00'),
('Medical gemetics', '2019-12-19 18:30:00', '2019-12-19 18:30:00'),
('Neurology', '2019-12-19 18:30:00', '2019-12-19 18:30:00'),
('Nuclear medicine', '2019-12-19 18:30:00', '2019-12-19 18:30:00');


INSERT INTO doctor (first_name, last_name, professional_statement, practicing_from, createdAt, updatedAt)
VALUES
('Nick', 'Lovell', 'I am the best doctor!', '2009-12-19', '2019-12-19 18:30:00', '2019-12-19 18:30:00'),
('Osama', 'Schmitt', 'I am the best doctor!', '2000-10-11', '2019-12-19 18:30:00', '2019-12-19 18:30:00'),
('Marie', 'Medrano', 'I am the best doctor!', '1999-07-22', '2019-12-19 18:30:00', '2019-12-19 18:30:00'),
('Lee', 'Devlin', 'I am the best doctor!', '1995-05-14', '2019-12-19 18:30:00', '2019-12-19 18:30:00'),
('Bruce', 'Cooke', 'I am the best doctor!', '2015-01-05', '2019-12-19 18:30:00', '2019-12-19 18:30:00'),
('Carolina', 'Espinosa', 'I am the best doctor!', '2019-12-19', '2019-12-19 18:30:00', '2019-12-19 18:30:00'),
('Marco', 'Jiménez', 'I am the best doctor!', '2000-11-04', '2019-12-19 18:30:00', '2019-12-19 18:30:00'),
('Raúl', 'Orozco', 'I am the best doctor!', '1989-04-12', '2019-12-19 18:30:00', '2019-12-19 18:30:00'),
('Leonardo', 'Dicarpio', 'I am the best doctor!', '1985-07-19', '2019-12-19 18:30:00', '2019-12-19 18:30:00'),
('Armando', 'Sosa', 'I am the best doctor!', '2015-07-04', '2019-12-19 18:30:00', '2019-12-19 18:30:00');


INSERT INTO doctor_specialization (doctor_id, specialization_id, createdAt, updatedAt)
VALUES
('1', '10', '2019-12-19 18:30:00', '2019-12-19 18:30:00'),
('1', '1', '2019-12-19 18:30:00', '2019-12-19 18:30:00'),
('2', '9', '2019-12-19 18:30:00', '2019-12-19 18:30:00'),
('3', '8', '2019-12-19 18:30:00', '2019-12-19 18:30:00'),
('3', '3', '2019-12-19 18:30:00', '2019-12-19 18:30:00'),
('4', '7', '2019-12-19 18:30:00', '2019-12-19 18:30:00'),
('5', '6', '2019-12-19 18:30:00', '2019-12-19 18:30:00'),
('5', '5', '2019-12-19 18:30:00', '2019-12-19 18:30:00'),
('6', '5', '2019-12-19 18:30:00', '2019-12-19 18:30:00'),
('7', '4', '2019-12-19 18:30:00', '2019-12-19 18:30:00'),
('7', '7', '2019-12-19 18:30:00', '2019-12-19 18:30:00'),
('8', '3', '2019-12-19 18:30:00', '2019-12-19 18:30:00'),
('9', '2', '2019-12-19 18:30:00', '2019-12-19 18:30:00'),
('9', '9', '2019-12-19 18:30:00', '2019-12-19 18:30:00'),
('10', '1', '2019-12-19 18:30:00', '2019-12-19 18:30:00');


INSERT INTO hospital_affiliation (doctor_id, hospital_name, city, country, createdAt, updatedAt)
VALUES
('1', 'Mayo Clinic','Rochester', 'USA', '2019-12-19 18:30:00', '2019-12-19 18:30:00'),
('2', 'Centro Médico ABC','CDMX', 'Mexico', '2019-12-19 18:30:00', '2019-12-19 18:30:00'),
('3', 'Charité','Berlin', 'germany', '2019-12-19 18:30:00', '2019-12-19 18:30:00'),
('4', 'Singapore General Hospital', 'Singapore', 'Singapore', '2019-12-19 18:30:00', '2019-12-19 18:30:00'),
('5', 'Johns Hopkins Hospital', 'Baltimore', 'USA', '2019-12-19 18:30:00', '2019-12-19 18:30:00');


INSERT INTO office (doctor_id, hospital_affiliation_id, time_slot_per_client_in_min, first_consultation_fee
, followup_consultation_fee, street_address, city, state, country, zip, createdAt, updatedAt)
VALUES
('1', '1', '15', '50', '50', 'Suite 2001','Rochester', 'Minnesota', 'USA', '55902', '2019-12-19 18:30:00', '2019-12-19 18:30:00'),
('2', '2', '30', '75', '70', 'A-2002','CDMX', 'CDMX', 'Mexico', '05126', '2019-12-19 18:30:00', '2019-12-19 18:30:00'),
('3', '3', '45', '120', '100', 'Office # 101', 'Berlin', 'Berlin', 'Germany', '05349', '2019-12-19 18:30:00', '2019-12-19 18:30:00'),
('4', '4', '30', '180', '150', 'O-101', 'Singapore', 'Singapore', 'Singapore', '169608', '2019-12-19 18:30:00', '2019-12-19 18:30:00'),
('5', '5', '60', '250', '200', 'AS-701', 'Baltimore', 'Maryland', 'USA', '21287', '2019-12-19 18:30:00', '2019-12-19 18:30:00'),
('6', '1', '15', '50', '50', 'Suite 2002','Rochester', 'Minnesota', 'USA', '55902', '2019-12-19 18:30:00', '2019-12-19 18:30:00'),
('7', '2', '30', '75', '70', 'A-2003','CDMX', 'CDMX', 'Mexico', '05126', '2019-12-19 18:30:00', '2019-12-19 18:30:00'),
('8', '3', '45', '120', '100', 'Office # 401', 'Berlin', 'Berlin', 'Germany', '05349', '2019-12-19 18:30:00', '2019-12-19 18:30:00'),
('9', '4', '30', '180', '150', 'O-501', 'Singapore', 'Singapore', 'Singapore', '169608', '2019-12-19 18:30:00', '2019-12-19 18:30:00'),
('10', '5', '60', '250', '200', 'AS-901', 'Baltimore', 'Maryland', 'USA', '21287', '2019-12-19 18:30:00', '2019-12-19 18:30:00');


INSERT INTO office_doctor_availability (office_id, day_of_week, start_time, end_time
, is_available, reason_of_unavailablity, createdAt, updatedAt)
VALUES
('1', 'Monday', '2019-12-23 09:00:00', '2019-12-23 13:00:00', '1', '', '2019-12-19 18:30:00', '2019-12-19 18:30:00'),
('1', 'Monday', '2019-12-23 16:00:00', '2019-12-23 19:00:00', '1', '', '2019-12-19 18:30:00', '2019-12-19 18:30:00'),
('1', 'Tueday', '2019-12-24 09:00:00', '2019-12-24 13:00:00', '1', '', '2019-12-19 18:30:00', '2019-12-19 18:30:00'),
('1', 'Wednesday', '2019-12-25 09:00:00', '2019-12-25 13:00:00', '1', '', '2019-12-19 18:30:00', '2019-12-19 18:30:00'),
('1', 'Wednesday', '2019-12-25 16:00:00', '2019-12-25 19:00:00', '1', '', '2019-12-19 18:30:00', '2019-12-19 18:30:00'),
('1', 'Thursday', '2019-12-26 09:00:00', '2019-12-26 13:00:00', '1', '', '2019-12-19 18:30:00', '2019-12-19 18:30:00'),
('1', 'Friday', '2019-12-27 09:00:00', '2019-12-27 13:00:00', '1', '', '2019-12-19 18:30:00', '2019-12-19 18:30:00'),
('1', 'Friday', '2019-12-27 16:00:00', '2019-12-27 19:00:00', '1', '', '2019-12-19 18:30:00', '2019-12-19 18:30:00'),
('1', 'Saturday', '2019-12-28 09:00:00', '2019-12-28 13:00:00', '1', '', '2019-12-19 18:30:00', '2019-12-19 18:30:00'),
('2', 'Monday', '2019-12-23 08:00:00', '2019-12-23 13:00:00', '1', '', '2019-12-19 18:30:00', '2019-12-19 18:30:00'),
('2', 'Monday', '2019-12-23 17:00:00', '2019-12-23 19:00:00', '1', '', '2019-12-19 18:30:00', '2019-12-19 18:30:00'),
('2', 'Tueday', '2019-12-24 09:00:00', '2019-12-24 13:00:00', '1', '', '2019-12-19 18:30:00', '2019-12-19 18:30:00'),
('2', 'Wednesday', '2019-12-25 08:00:00', '2019-12-25 13:00:00', '1', '', '2019-12-19 18:30:00', '2019-12-19 18:30:00'),
('2', 'Wednesday', '2019-12-25 17:00:00', '2019-12-25 19:00:00', '1', '', '2019-12-19 18:30:00', '2019-12-19 18:30:00'),
('2', 'Thursday', '2019-12-26 09:00:00', '2019-12-26 13:00:00', '1', '', '2019-12-19 18:30:00', '2019-12-19 18:30:00'),
('2', 'Friday', '2019-12-27 08:00:00', '2019-12-27 13:00:00', '1', '', '2019-12-19 18:30:00', '2019-12-19 18:30:00'),
('2', 'Friday', '2019-12-27 17:00:00', '2019-12-27 19:00:00', '1', '', '2019-12-19 18:30:00', '2019-12-19 18:30:00'),
('2', 'Saturday', '2019-12-28 09:00:00', '2019-12-28 13:00:00', '1', '', '2019-12-19 18:30:00', '2019-12-19 18:30:00'),
('3', 'Tueday', '2019-12-24 09:00:00', '2019-12-24 13:00:00', '1', '', '2019-12-19 18:30:00', '2019-12-19 18:30:00'),
('3', 'Tueday', '2019-12-24 16:00:00', '2019-12-24 21:00:00', '1', '', '2019-12-19 18:30:00', '2019-12-19 18:30:00'),
('3', 'Thursday', '2019-12-26 09:00:00', '2019-12-26 13:00:00', '1', '', '2019-12-19 18:30:00', '2019-12-19 18:30:00'),
('3', 'Thursday', '2019-12-26 16:00:00', '2019-12-26 21:00:00', '1', '', '2019-12-19 18:30:00', '2019-12-19 18:30:00'),
('4', 'Saturday', '2019-12-28 09:00:00', '2019-12-28 16:00:00', '1', '', '2019-12-19 18:30:00', '2019-12-19 18:30:00'),
('4', 'Sunday', '2019-12-29 10:00:00', '2019-12-29 13:00:00', '1', '', '2019-12-19 18:30:00', '2019-12-19 18:30:00'),
('5', 'Monday', '2019-12-23 09:30:00', '2019-12-23 13:30:00', '1', '', '2019-12-19 18:30:00', '2019-12-19 18:30:00'),
('5', 'Monday', '2019-12-23 16:30:00', '2019-12-23 19:30:00', '1', '', '2019-12-19 18:30:00', '2019-12-19 18:30:00'),
('5', 'Tueday', '2019-12-24 09:30:00', '2019-12-24 13:30:00', '1', '', '2019-12-19 18:30:00', '2019-12-19 18:30:00'),
('5', 'Wednesday', '2019-12-25 09:30:00', '2019-12-25 13:30:00', '1', '', '2019-12-19 18:30:00', '2019-12-19 18:30:00'),
('5', 'Wednesday', '2019-12-25 16:30:00', '2019-12-25 19:30:00', '1', '', '2019-12-19 18:30:00', '2019-12-19 18:30:00'),
('5', 'Thursday', '2019-12-26 09:30:00', '2019-12-26 13:30:00', '1', '', '2019-12-19 18:30:00', '2019-12-19 18:30:00'),
('5', 'Friday', '2019-12-27 09:30:00', '2019-12-27 13:30:00', '1', '', '2019-12-19 18:30:00', '2019-12-19 18:30:00'),
('5', 'Friday', '2019-12-27 16:30:00', '2019-12-27 19:30:00', '1', '', '2019-12-19 18:30:00', '2019-12-19 18:30:00'),
('5', 'Saturday', '2019-12-28 09:30:00', '2019-12-28 13:30:00', '1', '', '2019-12-19 18:30:00', '2019-12-19 18:30:00'),
('6', 'Monday', '2019-12-23 09:00:00', '2019-12-23 13:00:00', '1', '', '2019-12-19 18:30:00', '2019-12-19 18:30:00'),
('6', 'Monday', '2019-12-23 16:00:00', '2019-12-23 19:00:00', '1', '', '2019-12-19 18:30:00', '2019-12-19 18:30:00'),
('6', 'Tueday', '2019-12-24 09:00:00', '2019-12-24 13:00:00', '1', '', '2019-12-19 18:30:00', '2019-12-19 18:30:00'),
('6', 'Wednesday', '2019-12-25 09:00:00', '2019-12-25 13:00:00', '1', '', '2019-12-19 18:30:00', '2019-12-19 18:30:00'),
('6', 'Wednesday', '2019-12-25 16:00:00', '2019-12-25 19:00:00', '1', '', '2019-12-19 18:30:00', '2019-12-19 18:30:00'),
('6', 'Thursday', '2019-12-26 09:00:00', '2019-12-26 13:00:00', '1', '', '2019-12-19 18:30:00', '2019-12-19 18:30:00'),
('6', 'Friday', '2019-12-27 09:00:00', '2019-12-27 13:00:00', '1', '', '2019-12-19 18:30:00', '2019-12-19 18:30:00'),
('6', 'Friday', '2019-12-27 16:00:00', '2019-12-27 19:00:00', '1', '', '2019-12-19 18:30:00', '2019-12-19 18:30:00'),
('6', 'Saturday', '2019-12-28 09:00:00', '2019-12-28 13:00:00', '1', '', '2019-12-19 18:30:00', '2019-12-19 18:30:00'),
('7', 'Monday', '2019-12-23 08:00:00', '2019-12-23 13:00:00', '1', '', '2019-12-19 18:30:00', '2019-12-19 18:30:00'),
('7', 'Monday', '2019-12-23 17:00:00', '2019-12-23 19:00:00', '1', '', '2019-12-19 18:30:00', '2019-12-19 18:30:00'),
('7', 'Tueday', '2019-12-24 09:00:00', '2019-12-24 13:00:00', '1', '', '2019-12-19 18:30:00', '2019-12-19 18:30:00'),
('7', 'Wednesday', '2019-12-25 08:00:00', '2019-12-25 13:00:00', '1', '', '2019-12-19 18:30:00', '2019-12-19 18:30:00'),
('7', 'Wednesday', '2019-12-25 17:00:00', '2019-12-25 19:00:00', '1', '', '2019-12-19 18:30:00', '2019-12-19 18:30:00'),
('7', 'Thursday', '2019-12-26 09:00:00', '2019-12-26 13:00:00', '1', '', '2019-12-19 18:30:00', '2019-12-19 18:30:00'),
('7', 'Friday', '2019-12-27 08:00:00', '2019-12-27 13:00:00', '1', '', '2019-12-19 18:30:00', '2019-12-19 18:30:00'),
('7', 'Friday', '2019-12-27 17:00:00', '2019-12-27 19:00:00', '1', '', '2019-12-19 18:30:00', '2019-12-19 18:30:00'),
('7', 'Saturday', '2019-12-28 09:00:00', '2019-12-28 13:00:00', '1', '', '2019-12-19 18:30:00', '2019-12-19 18:30:00'),
('8', 'Tueday', '2019-12-24 09:00:00', '2019-12-24 13:00:00', '1', '', '2019-12-19 18:30:00', '2019-12-19 18:30:00'),
('8', 'Tueday', '2019-12-24 16:00:00', '2019-12-24 21:00:00', '1', '', '2019-12-19 18:30:00', '2019-12-19 18:30:00'),
('8', 'Thursday', '2019-12-26 09:00:00', '2019-12-26 13:00:00', '1', '', '2019-12-19 18:30:00', '2019-12-19 18:30:00'),
('8', 'Thursday', '2019-12-26 16:00:00', '2019-12-26 21:00:00', '1', '', '2019-12-19 18:30:00', '2019-12-19 18:30:00'),
('9', 'Saturday', '2019-12-28 09:00:00', '2019-12-28 16:00:00', '1', '', '2019-12-19 18:30:00', '2019-12-19 18:30:00'),
('9', 'Sunday', '2019-12-29 10:00:00', '2019-12-29 13:00:00', '1', '', '2019-12-19 18:30:00', '2019-12-19 18:30:00'),
('10', 'Monday', '2019-12-23 09:30:00', '2019-12-23 13:30:00', '1', '', '2019-12-19 18:30:00', '2019-12-19 18:30:00'),
('10', 'Monday', '2019-12-23 16:30:00', '2019-12-23 19:30:00', '1', '', '2019-12-19 18:30:00', '2019-12-19 18:30:00'),
('10', 'Tueday', '2019-12-24 09:30:00', '2019-12-24 13:30:00', '1', '', '2019-12-19 18:30:00', '2019-12-19 18:30:00'),
('10', 'Wednesday', '2019-12-25 09:30:00', '2019-12-25 13:30:00', '1', '', '2019-12-19 18:30:00', '2019-12-19 18:30:00'),
('10', 'Wednesday', '2019-12-25 16:30:00', '2019-12-25 19:30:00', '1', '', '2019-12-19 18:30:00', '2019-12-19 18:30:00'),
('10', 'Thursday', '2019-12-26 09:30:00', '2019-12-26 13:30:00', '1', '', '2019-12-19 18:30:00', '2019-12-19 18:30:00'),
('10', 'Friday', '2019-12-27 09:30:00', '2019-12-27 13:30:00', '1', '', '2019-12-19 18:30:00', '2019-12-19 18:30:00'),
('10', 'Friday', '2019-12-27 16:30:00', '2019-12-27 19:30:00', '1', '', '2019-12-19 18:30:00', '2019-12-19 18:30:00'),
('10', 'Saturday', '2019-12-28 09:30:00', '2019-12-28 13:30:00', '1', '', '2019-12-19 18:30:00', '2019-12-19 18:30:00');


INSERT INTO client_account (first_name, last_name, contact_number, email, createdAt, updatedAt)
VALUES
('Gurleen', 'Higgs', '1', 'gurleen@me.com', '2019-12-19 18:30:00', '2019-12-19 18:30:00'),
('Edie', 'Fox', '1', 'edie@gmail.com', '2019-12-19 18:30:00', '2019-12-19 18:30:00'),
('Poppie', 'Smyth', '1', 'poppie@yahoo.com', '2019-12-19 18:30:00', '2019-12-19 18:30:00'),
('Clayton', 'Guthrie', '1', 'clayton@att.com', '2019-12-19 18:30:00', '2019-12-19 18:30:00'),
('Rhea', 'Pickett', '1', 'rhea@warner.com', '2019-12-19 18:30:00', '2019-12-19 18:30:00');


INSERT INTO appointment_status (status, createdAt, updatedAt)
VALUES
('active', '2019-12-19 18:30:00', '2019-12-19 18:30:00'),
('complete', '2019-12-19 18:30:00', '2019-12-19 18:30:00'),
('canceled', '2019-12-19 18:30:00', '2019-12-19 18:30:00');



INSERT INTO appt_booking_channel (app_booking_channel_name, createdAt, updatedAt)
VALUES
('web app', '2019-12-19 18:30:00', '2019-12-19 18:30:00');


INSERT INTO appointment (user_account_id, office_id, probable_start_time, actual_end_time, appointment_status_id
, appointment_taken_date,  app_booking_channel_id, createdAt, updatedAt)
VALUES
('1', '1', '2019-12-23 09:15:00', '2019-12-23 10:00:00', '1', '2019-12-19 18:30:00', '1', '2019-12-19 18:30:00', '2019-12-19 18:30:00'),
('2', '1', '2019-12-23 10:30:00', '2019-12-19 10:00:00', '1', '2019-12-19 18:30:00', '1', '2019-12-19 18:30:00', '2019-12-19 18:30:00'),
('3', '1', '2019-12-23 11:45:00', '2019-12-19 10:00:00', '1', '2019-12-19 18:30:00', '1', '2019-12-19 18:30:00', '2019-12-19 18:30:00'),
('4', '1', '2019-12-23 12:30:00', '2019-12-19 10:00:00', '1', '2019-12-19 18:30:00', '1', '2019-12-19 18:30:00', '2019-12-19 18:30:00'),
('5', '1', '2019-12-23 17:15:00', '2019-12-19 10:00:00', '1', '2019-12-19 18:30:00', '1', '2019-12-19 18:30:00', '2019-12-19 18:30:00'),
('1', '2', '2019-12-24 09:00:00', '2019-12-23 10:00:00', '1', '2019-12-19 18:30:00', '1', '2019-12-19 18:30:00', '2019-12-19 18:30:00'),
('2', '2', '2019-12-24 10:30:00', '2019-12-19 10:00:00', '1', '2019-12-19 18:30:00', '1', '2019-12-19 18:30:00', '2019-12-19 18:30:00'),
('3', '2', '2019-12-24 11:00:00', '2019-12-19 10:00:00', '1', '2019-12-19 18:30:00', '1', '2019-12-19 18:30:00', '2019-12-19 18:30:00'),
('4', '2', '2019-12-24 12:00:00', '2019-12-19 10:00:00', '1', '2019-12-19 18:30:00', '1', '2019-12-19 18:30:00', '2019-12-19 18:30:00'),
('5', '2', '2019-12-24 12:30:00', '2019-12-19 10:00:00', '1', '2019-12-19 18:30:00', '1', '2019-12-19 18:30:00', '2019-12-19 18:30:00'),
('1', '3', '2019-12-24 09:00:00', '2019-12-23 10:00:00', '1', '2019-12-19 18:30:00', '1', '2019-12-19 18:30:00', '2019-12-19 18:30:00'),
('2', '3', '2019-12-24 10:30:00', '2019-12-19 10:00:00', '1', '2019-12-19 18:30:00', '1', '2019-12-19 18:30:00', '2019-12-19 18:30:00'),
('3', '3', '2019-12-24 16:15:00', '2019-12-19 10:00:00', '1', '2019-12-19 18:30:00', '1', '2019-12-19 18:30:00', '2019-12-19 18:30:00'),
('4', '3', '2019-12-24 19:00:00', '2019-12-19 10:00:00', '1', '2019-12-19 18:30:00', '1', '2019-12-19 18:30:00', '2019-12-19 18:30:00'),
('5', '3', '2019-12-24 20:30:00', '2019-12-19 10:00:00', '1', '2019-12-19 18:30:00', '1', '2019-12-19 18:30:00', '2019-12-19 18:30:00'),
('1', '4', '2019-12-28 09:00:00', '2019-12-23 10:00:00', '1', '2019-12-19 18:30:00', '1', '2019-12-19 18:30:00', '2019-12-19 18:30:00'),
('2', '4', '2019-12-28 10:00:00', '2019-12-19 10:00:00', '1', '2019-12-19 18:30:00', '1', '2019-12-19 18:30:00', '2019-12-19 18:30:00'),
('3', '4', '2019-12-28 11:30:00', '2019-12-19 10:00:00', '1', '2019-12-19 18:30:00', '1', '2019-12-19 18:30:00', '2019-12-19 18:30:00'),
('4', '4', '2019-12-28 14:00:00', '2019-12-19 10:00:00', '1', '2019-12-19 18:30:00', '1', '2019-12-19 18:30:00', '2019-12-19 18:30:00'),
('5', '4', '2019-12-28 15:30:00', '2019-12-19 10:00:00', '1', '2019-12-19 18:30:00', '1', '2019-12-19 18:30:00', '2019-12-19 18:30:00'),
('1', '5', '2019-12-25 09:30:00', '2019-12-23 10:00:00', '1', '2019-12-19 18:30:00', '1', '2019-12-19 18:30:00', '2019-12-19 18:30:00'),
('2', '5', '2019-12-25 11:30:00', '2019-12-19 10:00:00', '1', '2019-12-19 18:30:00', '1', '2019-12-19 18:30:00', '2019-12-19 18:30:00'),
('3', '5', '2019-12-25 12:30:00', '2019-12-19 10:00:00', '1', '2019-12-19 18:30:00', '1', '2019-12-19 18:30:00', '2019-12-19 18:30:00'),
('4', '5', '2019-12-25 16:30:00', '2019-12-19 10:00:00', '1', '2019-12-19 18:30:00', '1', '2019-12-19 18:30:00', '2019-12-19 18:30:00'),
('5', '5', '2019-12-25 17:30:00', '2019-12-19 10:00:00', '1', '2019-12-19 18:30:00', '1', '2019-12-19 18:30:00', '2019-12-19 18:30:00'),
('1', '6', '2019-12-26 09:30:00', '2019-12-23 10:00:00', '1', '2019-12-19 18:30:00', '1', '2019-12-19 18:30:00', '2019-12-19 18:30:00'),
('2', '6', '2019-12-26 10:15:00', '2019-12-19 10:00:00', '1', '2019-12-19 18:30:00', '1', '2019-12-19 18:30:00', '2019-12-19 18:30:00'),
('3', '6', '2019-12-26 11:30:00', '2019-12-19 10:00:00', '1', '2019-12-19 18:30:00', '1', '2019-12-19 18:30:00', '2019-12-19 18:30:00'),
('4', '6', '2019-12-26 12:15:00', '2019-12-19 10:00:00', '1', '2019-12-19 18:30:00', '1', '2019-12-19 18:30:00', '2019-12-19 18:30:00'),
('5', '6', '2019-12-26 12:45:00', '2019-12-19 10:00:00', '1', '2019-12-19 18:30:00', '1', '2019-12-19 18:30:00', '2019-12-19 18:30:00'),
('1', '7', '2019-12-27 12:30:00', '2019-12-23 10:00:00', '1', '2019-12-19 18:30:00', '1', '2019-12-19 18:30:00', '2019-12-19 18:30:00'),
('2', '7', '2019-12-27 17:00:00', '2019-12-19 10:00:00', '1', '2019-12-19 18:30:00', '1', '2019-12-19 18:30:00', '2019-12-19 18:30:00'),
('3', '7', '2019-12-27 17:30:00', '2019-12-19 10:00:00', '1', '2019-12-19 18:30:00', '1', '2019-12-19 18:30:00', '2019-12-19 18:30:00'),
('4', '7', '2019-12-27 18:00:00', '2019-12-19 10:00:00', '1', '2019-12-19 18:30:00', '1', '2019-12-19 18:30:00', '2019-12-19 18:30:00'),
('5', '7', '2019-12-27 18:30:00', '2019-12-19 10:00:00', '1', '2019-12-19 18:30:00', '1', '2019-12-19 18:30:00', '2019-12-19 18:30:00'),
('1', '8', '2019-12-24 09:45:00', '2019-12-23 10:00:00', '1', '2019-12-19 18:30:00', '1', '2019-12-19 18:30:00', '2019-12-19 18:30:00'),
('2', '8', '2019-12-24 10:30:00', '2019-12-19 10:00:00', '1', '2019-12-19 18:30:00', '1', '2019-12-19 18:30:00', '2019-12-19 18:30:00'),
('3', '8', '2019-12-24 11:15:00', '2019-12-19 10:00:00', '1', '2019-12-19 18:30:00', '1', '2019-12-19 18:30:00', '2019-12-19 18:30:00'),
('4', '8', '2019-12-26 19:45:00', '2019-12-19 10:00:00', '1', '2019-12-19 18:30:00', '1', '2019-12-19 18:30:00', '2019-12-19 18:30:00'),
('5', '8', '2019-12-26 20:30:00', '2019-12-19 10:00:00', '1', '2019-12-19 18:30:00', '1', '2019-12-19 18:30:00', '2019-12-19 18:30:00'),
('1', '9', '2019-12-29 10:00:00', '2019-12-23 10:00:00', '1', '2019-12-19 18:30:00', '1', '2019-12-19 18:30:00', '2019-12-19 18:30:00'),
('2', '9', '2019-12-29 11:00:00', '2019-12-19 10:00:00', '1', '2019-12-19 18:30:00', '1', '2019-12-19 18:30:00', '2019-12-19 18:30:00'),
('3', '9', '2019-12-29 11:30:00', '2019-12-19 10:00:00', '1', '2019-12-19 18:30:00', '1', '2019-12-19 18:30:00', '2019-12-19 18:30:00'),
('4', '9', '2019-12-29 12:00:00', '2019-12-19 10:00:00', '1', '2019-12-19 18:30:00', '1', '2019-12-19 18:30:00', '2019-12-19 18:30:00'),
('5', '9', '2019-12-29 12:30:00', '2019-12-19 10:00:00', '1', '2019-12-19 18:30:00', '1', '2019-12-19 18:30:00', '2019-12-19 18:30:00'),
('1', '10', '2019-12-23 18:30:00', '2019-12-23 10:00:00', '1', '2019-12-19 18:30:00', '1', '2019-12-19 18:30:00', '2019-12-19 18:30:00'),
('2', '10', '2019-12-24 12:30:00', '2019-12-19 10:00:00', '1', '2019-12-19 18:30:00', '1', '2019-12-19 18:30:00', '2019-12-19 18:30:00'),
('3', '10', '2019-12-25 18:30:00', '2019-12-19 10:00:00', '1', '2019-12-19 18:30:00', '1', '2019-12-19 18:30:00', '2019-12-19 18:30:00'),
('4', '10', '2019-12-26 12:30:00', '2019-12-19 10:00:00', '1', '2019-12-19 18:30:00', '1', '2019-12-19 18:30:00', '2019-12-19 18:30:00'),
('5', '10', '2019-12-27 12:30:00', '2019-12-19 10:00:00', '1', '2019-12-19 18:30:00', '1', '2019-12-19 18:30:00', '2019-12-19 18:30:00');



INSERT INTO consec (consec, createdAt, updatedAt)
VALUES
('0', '2019-12-19 18:30:00', '2019-12-19 18:30:00'),
('1', '2019-12-19 18:30:00', '2019-12-19 18:30:00'),
('2', '2019-12-19 18:30:00', '2019-12-19 18:30:00'),
('3', '2019-12-19 18:30:00', '2019-12-19 18:30:00'),
('4', '2019-12-19 18:30:00', '2019-12-19 18:30:00'),
('5', '2019-12-19 18:30:00', '2019-12-19 18:30:00'),
('6', '2019-12-19 18:30:00', '2019-12-19 18:30:00'),
('7', '2019-12-19 18:30:00', '2019-12-19 18:30:00'),
('8', '2019-12-19 18:30:00', '2019-12-19 18:30:00'),
('9', '2019-12-19 18:30:00', '2019-12-19 18:30:00'),
('10', '2019-12-19 18:30:00', '2019-12-19 18:30:00'),
('11', '2019-12-19 18:30:00', '2019-12-19 18:30:00'),
('12', '2019-12-19 18:30:00', '2019-12-19 18:30:00'),
('13', '2019-12-19 18:30:00', '2019-12-19 18:30:00'),
('14', '2019-12-19 18:30:00', '2019-12-19 18:30:00'),
('15', '2019-12-19 18:30:00', '2019-12-19 18:30:00'),
('16', '2019-12-19 18:30:00', '2019-12-19 18:30:00'),
('17', '2019-12-19 18:30:00', '2019-12-19 18:30:00'),
('18', '2019-12-19 18:30:00', '2019-12-19 18:30:00'),
('19', '2019-12-19 18:30:00', '2019-12-19 18:30:00'),
('20', '2019-12-19 18:30:00', '2019-12-19 18:30:00'),
('21', '2019-12-19 18:30:00', '2019-12-19 18:30:00'),
('22', '2019-12-19 18:30:00', '2019-12-19 18:30:00'),
('23', '2019-12-19 18:30:00', '2019-12-19 18:30:00'),
('24', '2019-12-19 18:30:00', '2019-12-19 18:30:00'),
('25', '2019-12-19 18:30:00', '2019-12-19 18:30:00'),
('26', '2019-12-19 18:30:00', '2019-12-19 18:30:00'),
('27', '2019-12-19 18:30:00', '2019-12-19 18:30:00'),
('28', '2019-12-19 18:30:00', '2019-12-19 18:30:00'),
('29', '2019-12-19 18:30:00', '2019-12-19 18:30:00'),
('30', '2019-12-19 18:30:00', '2019-12-19 18:30:00'),
('31', '2019-12-19 18:30:00', '2019-12-19 18:30:00'),
('32', '2019-12-19 18:30:00', '2019-12-19 18:30:00'),
('33', '2019-12-19 18:30:00', '2019-12-19 18:30:00'),
('34', '2019-12-19 18:30:00', '2019-12-19 18:30:00'),
('35', '2019-12-19 18:30:00', '2019-12-19 18:30:00'),
('36', '2019-12-19 18:30:00', '2019-12-19 18:30:00'),
('37', '2019-12-19 18:30:00', '2019-12-19 18:30:00'),
('38', '2019-12-19 18:30:00', '2019-12-19 18:30:00'),
('39', '2019-12-19 18:30:00', '2019-12-19 18:30:00'),
('40', '2019-12-19 18:30:00', '2019-12-19 18:30:00'),
('41', '2019-12-19 18:30:00', '2019-12-19 18:30:00'),
('42', '2019-12-19 18:30:00', '2019-12-19 18:30:00'),
('43', '2019-12-19 18:30:00', '2019-12-19 18:30:00'),
('44', '2019-12-19 18:30:00', '2019-12-19 18:30:00'),
('45', '2019-12-19 18:30:00', '2019-12-19 18:30:00'),
('46', '2019-12-19 18:30:00', '2019-12-19 18:30:00'),
('47', '2019-12-19 18:30:00', '2019-12-19 18:30:00'),
('48', '2019-12-19 18:30:00', '2019-12-19 18:30:00'),
('49', '2019-12-19 18:30:00', '2019-12-19 18:30:00'),
('50', '2019-12-19 18:30:00', '2019-12-19 18:30:00'),
('51', '2019-12-19 18:30:00', '2019-12-19 18:30:00'),
('52', '2019-12-19 18:30:00', '2019-12-19 18:30:00'),
('53', '2019-12-19 18:30:00', '2019-12-19 18:30:00'),
('54', '2019-12-19 18:30:00', '2019-12-19 18:30:00'),
('55', '2019-12-19 18:30:00', '2019-12-19 18:30:00'),
('56', '2019-12-19 18:30:00', '2019-12-19 18:30:00'),
('57', '2019-12-19 18:30:00', '2019-12-19 18:30:00'),
('58', '2019-12-19 18:30:00', '2019-12-19 18:30:00'),
('59', '2019-12-19 18:30:00', '2019-12-19 18:30:00'),
('60', '2019-12-19 18:30:00', '2019-12-19 18:30:00'),
('61', '2019-12-19 18:30:00', '2019-12-19 18:30:00'),
('62', '2019-12-19 18:30:00', '2019-12-19 18:30:00'),
('63', '2019-12-19 18:30:00', '2019-12-19 18:30:00'),
('64', '2019-12-19 18:30:00', '2019-12-19 18:30:00'),
('65', '2019-12-19 18:30:00', '2019-12-19 18:30:00'),
('66', '2019-12-19 18:30:00', '2019-12-19 18:30:00'),
('67', '2019-12-19 18:30:00', '2019-12-19 18:30:00'),
('68', '2019-12-19 18:30:00', '2019-12-19 18:30:00'),
('69', '2019-12-19 18:30:00', '2019-12-19 18:30:00'),
('70', '2019-12-19 18:30:00', '2019-12-19 18:30:00'),
('71', '2019-12-19 18:30:00', '2019-12-19 18:30:00'),
('72', '2019-12-19 18:30:00', '2019-12-19 18:30:00'),
('73', '2019-12-19 18:30:00', '2019-12-19 18:30:00'),
('74', '2019-12-19 18:30:00', '2019-12-19 18:30:00'),
('75', '2019-12-19 18:30:00', '2019-12-19 18:30:00'),
('76', '2019-12-19 18:30:00', '2019-12-19 18:30:00'),
('77', '2019-12-19 18:30:00', '2019-12-19 18:30:00'),
('78', '2019-12-19 18:30:00', '2019-12-19 18:30:00'),
('79', '2019-12-19 18:30:00', '2019-12-19 18:30:00'),
('80', '2019-12-19 18:30:00', '2019-12-19 18:30:00'),
('81', '2019-12-19 18:30:00', '2019-12-19 18:30:00'),
('82', '2019-12-19 18:30:00', '2019-12-19 18:30:00'),
('83', '2019-12-19 18:30:00', '2019-12-19 18:30:00'),
('84', '2019-12-19 18:30:00', '2019-12-19 18:30:00'),
('85', '2019-12-19 18:30:00', '2019-12-19 18:30:00'),
('86', '2019-12-19 18:30:00', '2019-12-19 18:30:00'),
('87', '2019-12-19 18:30:00', '2019-12-19 18:30:00'),
('88', '2019-12-19 18:30:00', '2019-12-19 18:30:00'),
('89', '2019-12-19 18:30:00', '2019-12-19 18:30:00'),
('90', '2019-12-19 18:30:00', '2019-12-19 18:30:00'),
('91', '2019-12-19 18:30:00', '2019-12-19 18:30:00'),
('92', '2019-12-19 18:30:00', '2019-12-19 18:30:00'),
('93', '2019-12-19 18:30:00', '2019-12-19 18:30:00'),
('94', '2019-12-19 18:30:00', '2019-12-19 18:30:00'),
('95', '2019-12-19 18:30:00', '2019-12-19 18:30:00'),
('96', '2019-12-19 18:30:00', '2019-12-19 18:30:00'),
('97', '2019-12-19 18:30:00', '2019-12-19 18:30:00'),
('98', '2019-12-19 18:30:00', '2019-12-19 18:30:00'),
('99', '2019-12-19 18:30:00', '2019-12-19 18:30:00'),
('100', '2019-12-19 18:30:00', '2019-12-19 18:30:00');